dongCode,dongName,convenience_store,education,caf?,restaurant,health,market,avg_diff_convenience_store,avg_diff_education,avg_diff_caf?,avg_diff_restaurant,avg_diff_health,avg_diff_market,label_id
1111010100,청운동,2,4,5,63,0,1,-13,-49,-49,-2182,-11,-7,NULL
1111010200,신교동,0,5,2,27,0,0,-15,-48,-52,-2218,-11,-8,NULL
1111010300,궁정동,0,0,2,5,0,0,-15,-53,-52,-2240,-11,-8,NULL
1111010400,효자동,0,0,4,32,0,0,-15,-53,-50,-2213,-11,-8,NULL
1111010500,창성동,0,1,6,40,0,0,-15,-52,-48,-2205,-11,-8,NULL
1111010600,통의동,1,1,11,88,2,0,-14,-52,-43,-2157,-9,-8,NULL
1111010700,적선동,0,0,15,83,2,0,-15,-53,-39,-2162,-9,-8,NULL
1111010800,통인동,0,4,10,155,0,1,-15,-49,-44,-2090,-11,-7,NULL
1111010900,누상동,1,1,2,43,0,2,-14,-52,-52,-2202,-11,-6,NULL
1111011000,누하동,1,1,15,83,0,0,-14,-52,-39,-2162,-11,-8,NULL
1111011100,옥인동,1,3,9,61,0,0,-14,-50,-45,-2184,-11,-8,NULL
1111011200,체부동,1,2,13,109,1,1,-14,-51,-41,-2136,-10,-7,NULL
1111011300,필운동,2,11,11,109,1,0,-13,-42,-43,-2136,-10,-8,NULL
1111011400,내자동,2,3,5,85,1,1,-13,-50,-49,-2160,-10,-7,NULL
1111011500,사직동,0,5,13,90,2,1,-15,-48,-41,-2155,-9,-7,NULL
1111011600,도렴동,0,0,4,29,0,0,-15,-53,-50,-2216,-11,-8,NULL
1111011700,당주동,2,3,14,150,1,1,-13,-50,-40,-2095,-10,-7,NULL
1111011800,내수동,2,11,14,164,5,0,-13,-42,-40,-2081,-6,-8,NULL
1111011900,세종로,2,2,19,62,1,0,-13,-51,-35,-2183,-10,-8,NULL
1111012000,신문로1가,3,3,22,145,2,0,-12,-50,-32,-2100,-9,-8,NULL
1111012100,신문로2가,1,6,12,92,6,0,-14,-47,-42,-2153,-5,-8,NULL
1111012200,청진동,6,3,28,249,1,0,-9,-50,-26,-1996,-10,-8,NULL
1111012300,서린동,3,3,13,93,1,0,-12,-50,-41,-2152,-10,-8,NULL
1111012400,수송동,3,5,26,143,2,1,-12,-48,-28,-2102,-9,-7,NULL
1111012500,중학동,2,0,6,48,1,0,-13,-53,-48,-2197,-10,-8,NULL
1111012600,종로1가,0,1,21,187,7,0,-15,-52,-33,-2058,-4,-8,NULL
1111012700,공평동,1,0,12,54,1,0,-14,-53,-42,-2191,-10,-8,NULL
1111012800,관훈동,3,5,32,254,0,1,-12,-48,-22,-1991,-11,-7,NULL
1111012900,견지동,0,0,7,47,1,0,-15,-53,-47,-2198,-10,-8,NULL
1111013000,와룡동,3,2,10,81,0,1,-12,-51,-44,-2164,-11,-7,NULL
1111013100,권농동,1,1,3,38,0,0,-14,-52,-51,-2207,-11,-8,NULL
1111013200,운니동,1,5,6,66,0,0,-14,-48,-48,-2179,-11,-8,NULL
1111013300,익선동,2,5,27,195,0,0,-13,-48,-27,-2050,-11,-8,NULL
1111013400,경운동,2,5,5,56,2,0,-13,-48,-49,-2189,-9,-8,NULL
1111013500,관철동,7,18,20,251,1,0,-8,-35,-34,-1994,-10,-8,NULL
1111013600,인사동,0,8,9,128,0,0,-15,-45,-45,-2117,-11,-8,NULL
1111013700,낙원동,2,16,12,637,1,1,-13,-37,-42,-1608,-10,-7,NULL
1111013800,종로2가,1,13,24,139,1,0,-14,-40,-30,-2106,-10,-8,NULL
1111013900,팔판동,0,4,12,61,0,2,-15,-49,-42,-2184,-11,-6,NULL
1111014000,삼청동,2,3,27,123,2,3,-13,-50,-27,-2122,-9,-5,NULL
1111014100,안국동,3,5,17,113,0,0,-12,-48,-37,-2132,-11,-8,NULL
1111014200,소격동,2,1,22,77,0,0,-13,-52,-32,-2168,-11,-8,NULL
1111014300,화동,0,0,17,52,0,0,-15,-53,-37,-2193,-11,-8,NULL
1111014400,사간동,1,0,7,41,0,0,-14,-53,-47,-2204,-11,-8,NULL
1111014500,송현동,0,0,0,1,0,0,-15,-53,-54,-2244,-11,-8,NULL
1111014600,가회동,0,5,16,96,1,0,-15,-48,-38,-2149,-10,-8,NULL
1111014700,재동,1,0,14,100,0,0,-14,-53,-40,-2145,-11,-8,NULL
1111014800,계동,2,4,33,180,1,2,-13,-49,-21,-2065,-10,-6,NULL
1111014900,원서동,3,8,11,81,1,0,-12,-45,-43,-2164,-10,-8,NULL
1111015000,훈정동,0,0,0,3,0,0,-15,-53,-54,-2242,-11,-8,NULL
1111015100,묘동,0,3,10,160,0,0,-15,-50,-44,-2085,-11,-8,NULL
1111015200,봉익동,0,3,5,183,0,1,-15,-50,-49,-2062,-11,-7,NULL
1111015300,돈의동,1,3,8,156,1,0,-14,-50,-46,-2089,-10,-8,NULL
1111015400,장사동,0,0,3,231,1,2,-15,-53,-51,-2014,-10,-6,NULL
1111015500,관수동,2,10,8,158,0,1,-13,-43,-46,-2087,-11,-7,NULL
1111015600,종로3가,2,6,14,194,1,0,-13,-47,-40,-2051,-10,-8,NULL
1111015700,인의동,3,7,4,205,0,3,-12,-46,-50,-2040,-11,-5,NULL
1111015800,예지동,0,1,5,848,0,3,-15,-52,-49,-1397,-11,-5,NULL
1111015900,원남동,1,1,9,74,2,1,-14,-52,-45,-2171,-9,-7,NULL
1111016000,연지동,0,7,13,137,1,0,-15,-46,-41,-2108,-10,-8,NULL
1111016100,종로4가,0,1,5,269,1,0,-15,-52,-49,-1976,-10,-8,NULL
1111016200,효제동,5,2,6,140,1,3,-10,-51,-48,-2105,-10,-5,NULL
1111016300,종로5가,1,6,16,415,1,4,-14,-47,-38,-1830,-10,-4,NULL
1111016400,종로6가,4,6,20,1285,0,4,-11,-47,-34,-960,-11,-4,NULL
1111016500,이화동,3,7,9,87,3,0,-12,-46,-45,-2158,-8,-8,NULL
1111016600,연건동,6,3,23,132,1,0,-9,-50,-31,-2113,-10,-8,NULL
1111016700,충신동,0,3,2,120,1,0,-15,-50,-52,-2125,-10,-8,NULL
1111016800,동숭동,8,21,50,321,0,2,-7,-32,-4,-1924,-11,-6,NULL
1111016900,혜화동,3,12,23,159,1,2,-12,-41,-31,-2086,-10,-6,NULL
1111017000,명륜1가,5,15,15,106,2,3,-10,-38,-39,-2139,-9,-5,NULL
1111017100,명륜2가,1,8,25,211,1,2,-14,-45,-29,-2034,-10,-6,NULL
1111017200,명륜4가,3,1,28,209,0,1,-12,-52,-26,-2036,-11,-7,006
1111017300,명륜3가,7,9,9,141,0,0,-8,-44,-45,-2104,-11,-8,NULL
1111017400,창신동,13,30,39,914,9,10,-2,-23,-15,-1331,-2,2,006
1111017500,숭인동,25,29,30,790,3,9,10,-24,-24,-1455,-8,1,001
1111017600,교남동,0,0,1,21,1,1,-15,-53,-53,-2224,-10,-7,NULL
1111017700,평동,2,4,10,54,1,2,-13,-49,-44,-2191,-10,-6,NULL
1111017800,송월동,0,0,0,0,0,0,-15,-53,-54,-2245,-11,-8,NULL
1111017900,홍파동,0,7,1,33,1,1,-15,-46,-53,-2212,-10,-7,NULL
1111018000,교북동,1,6,3,30,0,0,-14,-47,-51,-2215,-11,-8,NULL
1111018100,행촌동,3,4,2,51,0,1,-12,-49,-52,-2194,-11,-7,NULL
1111018200,구기동,4,8,14,170,4,3,-11,-45,-40,-2075,-7,-5,NULL
1111018300,평창동,11,47,44,408,8,8,-4,-6,-10,-1837,-3,0,NULL
1111018400,부암동,4,10,50,197,1,0,-11,-43,-4,-2048,-10,-8,NULL
1111018500,홍지동,8,6,10,103,0,1,-7,-47,-44,-2142,-11,-7,NULL
1111018600,신영동,4,21,7,109,2,1,-11,-32,-47,-2136,-9,-7,NULL
1111018700,무악동,3,15,13,128,0,2,-12,-38,-41,-2117,-11,-6,NULL
1114010100,무교동,3,1,6,62,1,0,-12,-52,-48,-2183,-10,-8,NULL
1114010200,다동,4,1,20,143,3,1,-11,-52,-34,-2102,-8,-7,NULL
1114010300,태평로1가,5,2,15,82,1,0,-10,-51,-39,-2163,-10,-8,NULL
1114010400,을지로1가,2,2,17,63,0,0,-13,-51,-37,-2182,-11,-8,NULL
1114010500,을지로2가,6,3,21,212,0,1,-9,-50,-33,-2033,-11,-7,NULL
1114010600,남대문로1가,0,0,2,9,1,0,-15,-53,-52,-2236,-10,-8,NULL
1114010700,삼각동,0,1,4,13,0,0,-15,-52,-50,-2232,-11,-8,NULL
1114010800,수하동,2,2,6,56,1,0,-13,-51,-48,-2189,-10,-8,NULL
1114010900,장교동,1,0,3,34,1,0,-14,-53,-51,-2211,-10,-8,NULL
1114011000,수표동,3,2,11,126,1,0,-12,-51,-43,-2119,-10,-8,NULL
1114011100,소공동,6,0,37,507,0,1,-9,-53,-17,-1738,-11,-7,NULL
1114011200,남창동,4,1,29,1373,0,7,-11,-52,-25,-872,-11,-1,NULL
1114011300,북창동,3,4,10,138,0,0,-12,-49,-44,-2107,-11,-8,NULL
1114011400,태평로2가,2,4,27,177,2,1,-13,-49,-27,-2068,-9,-7,NULL
1114011500,남대문로2가,0,1,1,66,0,0,-15,-52,-53,-2179,-11,-8,NULL
1114011600,남대문로3가,0,0,1,59,0,2,-15,-53,-53,-2186,-11,-6,NULL
1114011700,남대문로4가,3,1,8,123,2,0,-12,-52,-46,-2122,-9,-8,NULL
1114011800,남대문로5가,10,5,40,315,2,1,-5,-48,-14,-1930,-9,-7,NULL
1114011900,봉래동1가,0,0,5,65,1,0,-15,-53,-49,-2180,-10,-8,NULL
1114012000,봉래동2가,2,0,10,73,0,2,-13,-53,-44,-2172,-11,-6,NULL
1114012100,회현동1가,9,4,29,311,6,3,-6,-49,-25,-1934,-5,-5,NULL
1114012200,회현동2가,3,2,6,49,0,0,-12,-51,-48,-2196,-11,-8,NULL
1114012300,회현동3가,0,1,3,21,0,0,-15,-52,-51,-2224,-11,-8,NULL
1114012400,충무로1가,6,0,29,366,1,1,-9,-53,-25,-1879,-10,-7,NULL
1114012500,충무로2가,4,5,19,181,1,2,-11,-48,-35,-2064,-10,-6,NULL
1114012600,명동1가,1,0,14,75,2,1,-14,-53,-40,-2170,-9,-7,NULL
1114012700,명동2가,2,0,26,223,4,1,-13,-53,-28,-2022,-7,-7,NULL
1114012800,남산동1가,3,1,4,46,0,0,-12,-52,-50,-2199,-11,-8,NULL
1114012900,남산동2가,2,2,14,102,0,0,-13,-51,-40,-2143,-11,-8,NULL
1114013000,남산동3가,0,2,5,23,0,0,-15,-51,-49,-2222,-11,-8,NULL
1114013100,저동1가,1,1,4,36,0,0,-14,-52,-50,-2209,-11,-8,NULL
1114013200,충무로4가,0,5,12,293,1,1,-15,-48,-42,-1952,-10,-7,NULL
1114013300,충무로5가,5,0,6,137,0,0,-10,-53,-48,-2108,-11,-8,NULL
1114013400,인현동2가,0,3,5,229,1,3,-15,-50,-49,-2016,-10,-5,NULL
1114013500,예관동,1,1,4,74,0,0,-14,-52,-50,-2171,-11,-8,NULL
1114013600,묵정동,3,4,2,93,0,1,-12,-49,-52,-2152,-11,-7,NULL
1114013700,필동1가,0,4,7,86,1,0,-15,-49,-47,-2159,-10,-8,NULL
1114013800,필동2가,4,5,23,178,2,1,-11,-48,-31,-2067,-9,-7,NULL
1114013900,필동3가,3,1,16,100,1,1,-12,-52,-38,-2145,-10,-7,NULL
1114014000,남학동,0,0,0,20,0,1,-15,-53,-54,-2225,-11,-7,NULL
1114014100,주자동,0,0,1,13,0,0,-15,-53,-53,-2232,-11,-8,NULL
1114014200,예장동,3,3,6,55,1,1,-12,-50,-48,-2190,-10,-7,NULL
1114014300,장충동1가,3,3,9,90,2,0,-12,-50,-45,-2155,-9,-8,NULL
1114014400,장충동2가,8,8,24,265,4,2,-7,-45,-30,-1980,-7,-6,NULL
1114014500,광희동1가,4,1,6,166,1,2,-11,-52,-48,-2079,-10,-6,NULL
1114014600,광희동2가,4,2,1,64,1,0,-11,-51,-53,-2181,-10,-8,NULL
1114014700,쌍림동,5,5,10,129,3,1,-10,-48,-44,-2116,-8,-7,NULL
1114014800,을지로6가,6,3,39,1006,3,3,-9,-50,-15,-1239,-8,-5,NULL
1114014900,을지로7가,3,0,13,99,0,0,-12,-53,-41,-2146,-11,-8,NULL
1114015000,을지로4가,1,1,12,168,1,0,-14,-52,-42,-2077,-10,-8,NULL
1114015100,을지로5가,1,0,6,203,2,4,-14,-53,-48,-2042,-9,-4,NULL
1114015200,주교동,3,4,11,259,2,2,-12,-49,-43,-1986,-9,-6,NULL
1114015300,방산동,0,2,3,91,1,0,-15,-51,-51,-2154,-10,-8,NULL
1114015400,오장동,2,0,11,346,3,3,-13,-53,-43,-1899,-8,-5,NULL
1114015500,을지로3가,8,4,14,299,2,0,-7,-49,-40,-1946,-9,-8,NULL
1114015600,입정동,0,0,2,55,0,1,-15,-53,-52,-2190,-11,-7,NULL
1114015700,산림동,1,3,7,109,0,1,-14,-50,-47,-2136,-11,-7,NULL
1114015800,충무로3가,6,4,14,215,5,0,-9,-49,-40,-2030,-6,-8,NULL
1114015900,초동,3,2,11,148,3,0,-12,-51,-43,-2097,-8,-8,NULL
1114016000,인현동1가,0,3,9,176,1,0,-15,-50,-45,-2069,-10,-8,NULL
1114016100,저동2가,5,3,15,153,0,4,-10,-50,-39,-2092,-11,-4,NULL
1114016200,신당동,56,173,181,4371,33,36,41,120,127,2126,22,28,004
1114016300,흥인동,3,3,9,238,7,1,-12,-50,-45,-2007,-4,-7,NULL
1114016400,무학동,2,0,2,60,0,0,-13,-53,-52,-2185,-11,-8,NULL
1114016500,황학동,7,9,23,576,7,11,-8,-44,-31,-1669,-4,3,006
1114016600,서소문동,3,5,33,191,5,0,-12,-48,-21,-2054,-6,-8,NULL
1114016700,정동,4,2,20,107,2,1,-11,-51,-34,-2138,-9,-7,NULL
1114016800,순화동,5,4,19,139,3,1,-10,-49,-35,-2106,-8,-7,NULL
1114016900,의주로1가,1,1,1,15,1,0,-14,-52,-53,-2230,-10,-8,NULL
1114017000,충정로1가,0,2,7,26,0,0,-15,-51,-47,-2219,-11,-8,NULL
1114017100,중림동,7,12,18,283,4,4,-8,-41,-36,-1962,-7,-4,NULL
1114017200,의주로2가,0,0,0,32,0,0,-15,-53,-54,-2213,-11,-8,NULL
1114017300,만리동1가,1,4,10,64,1,0,-14,-49,-44,-2181,-10,-8,NULL
1114017400,만리동2가,2,3,8,49,0,1,-13,-50,-46,-2196,-11,-7,NULL
1117010100,후암동,12,28,41,418,1,12,-3,-25,-13,-1827,-10,4,006
1117010200,용산동2가,14,15,38,412,4,8,-1,-38,-16,-1833,-7,0,NULL
1117010300,용산동4가,2,0,1,3,0,0,-13,-53,-53,-2242,-11,-8,NULL
1117010400,갈월동,8,10,27,268,1,2,-7,-43,-27,-1977,-10,-6,NULL
1117010500,남영동,4,7,24,202,3,2,-11,-46,-30,-2043,-8,-6,NULL
1117010600,용산동1가,0,0,3,7,0,0,-15,-53,-51,-2238,-11,-8,NULL
1117010700,동자동,13,15,33,391,6,1,-2,-38,-21,-1854,-5,-7,NULL
1117010800,서계동,7,5,16,208,2,5,-8,-48,-38,-2037,-9,-3,NULL
1117010900,청파동1가,3,14,6,127,1,5,-12,-39,-48,-2118,-10,-3,NULL
1117011000,청파동2가,5,15,27,188,1,5,-10,-38,-27,-2057,-10,-3,NULL
1117011100,청파동3가,2,7,19,171,3,0,-13,-46,-35,-2074,-8,-8,NULL
1117011200,원효로1가,5,14,32,295,3,7,-10,-39,-22,-1950,-8,-1,NULL
1117011300,원효로2가,7,10,6,237,1,2,-8,-43,-48,-2008,-10,-6,NULL
1117011400,신창동,1,2,3,31,0,0,-14,-51,-51,-2214,-11,-8,NULL
1117011500,산천동,1,22,4,96,0,2,-14,-31,-50,-2149,-11,-6,NULL
1117011600,청암동,1,0,0,10,0,0,-14,-53,-54,-2235,-11,-8,NULL
1117011700,원효로3가,2,3,5,185,0,2,-13,-50,-49,-2060,-11,-6,NULL
1117011800,원효로4가,2,6,13,89,0,1,-13,-47,-41,-2156,-11,-7,NULL
1117011900,효창동,2,23,18,207,3,6,-13,-30,-36,-2038,-8,-2,NULL
1117012000,도원동,0,17,3,83,0,5,-15,-36,-51,-2162,-11,-3,NULL
1117012100,용문동,5,9,25,290,1,3,-10,-44,-29,-1955,-10,-5,NULL
1117012200,문배동,8,3,3,97,2,1,-7,-50,-51,-2148,-9,-7,NULL
1117012300,신계동,2,4,4,153,2,1,-13,-49,-50,-2092,-9,-7,NULL
1117012400,한강로1가,4,7,23,240,1,0,-11,-46,-31,-2005,-10,-8,NULL
1117012500,한강로2가,10,19,55,787,4,4,-5,-34,1,-1458,-7,-4,003
1117012600,용산동3가,0,2,4,62,0,1,-15,-51,-50,-2183,-11,-7,NULL
1117012700,용산동5가,3,1,7,82,1,0,-12,-52,-47,-2163,-10,-8,NULL
1117012800,한강로3가,12,14,70,879,4,6,-3,-39,16,-1366,-7,-2,003
1117012900,이촌동,15,66,44,855,11,10,0,13,-10,-1390,0,2,002
1117013000,이태원동,26,27,136,1798,10,9,11,-26,82,-447,-1,1,003
1117013100,한남동,14,29,150,1396,33,12,-1,-24,96,-849,22,4,003
1117013200,동빙고동,3,9,11,115,2,6,-12,-44,-43,-2130,-9,-2,NULL
1117013300,서빙고동,2,6,6,96,2,4,-13,-47,-48,-2149,-9,-4,NULL
1117013400,주성동,0,0,1,15,0,0,-15,-53,-53,-2230,-11,-8,NULL
1117013500,용산동6가,2,0,6,44,0,2,-13,-53,-48,-2201,-11,-6,NULL
1117013600,보광동,10,22,22,485,4,7,-5,-31,-32,-1760,-7,-1,NULL
1120010100,상왕십리동,2,7,2,117,2,1,-13,-46,-52,-2128,-9,-7,NULL
1120010200,하왕십리동,11,69,42,640,9,15,-4,16,-12,-1605,-2,7,002
1120010300,홍익동,2,6,8,181,2,2,-13,-47,-46,-2064,-9,-6,NULL
1120010400,도선동,5,11,16,420,9,7,-10,-42,-38,-1825,-2,-1,NULL
1120010500,마장동,16,32,21,761,5,9,1,-21,-33,-1484,-6,1,001
1120010600,사근동,10,16,14,156,2,5,-5,-37,-40,-2089,-9,-3,NULL
1120010700,행당동,28,107,124,1326,18,8,13,54,70,-919,7,0,003
1120010800,응봉동,3,33,8,194,4,4,-12,-20,-46,-2051,-7,-4,NULL
1120010900,금호동1가,7,52,18,315,8,6,-8,-1,-36,-1930,-3,-2,NULL
1120011000,금호동2가,4,30,14,251,4,7,-11,-23,-40,-1994,-7,-1,NULL
1120011100,금호동3가,7,17,22,359,1,5,-8,-36,-32,-1886,-10,-3,NULL
1120011200,금호동4가,10,38,15,416,8,4,-5,-15,-39,-1829,-3,-4,NULL
1120011300,옥수동,8,86,29,565,18,5,-7,33,-25,-1680,7,-3,002
1120011400,성수동1가,30,82,211,1605,34,13,15,29,157,-640,23,5,003
1120011500,성수동2가,43,55,229,2280,31,18,28,2,175,35,20,10,003
1120011800,송정동,6,15,17,290,8,6,-9,-38,-37,-1955,-3,-2,NULL
1120012200,용답동,14,26,33,796,10,8,-1,-27,-21,-1449,-1,0,NULL
1121510100,중곡동,61,205,185,3112,38,43,46,152,131,867,27,35,004
1121510200,능동,22,40,35,495,5,4,7,-13,-19,-1750,-6,-4,001
1121510300,구의동,64,272,202,3076,65,28,49,219,148,831,54,20,004
1121510400,광장동,25,123,78,920,22,12,10,70,24,-1325,11,4,002
1121510500,자양동,68,285,242,3369,46,34,53,232,188,1124,35,26,004
1121510700,화양동,50,54,161,1499,14,10,35,1,107,-746,3,2,003
1121510900,군자동,23,62,77,1058,15,11,8,9,23,-1187,4,3,003
1123010100,신설동,10,29,26,412,4,1,-5,-24,-28,-1833,-7,-7,NULL
1123010200,용두동,21,36,50,933,9,10,6,-17,-4,-1312,-2,2,001
1123010300,제기동,24,47,66,1951,12,39,9,-6,12,-294,1,31,006
1123010400,전농동,27,128,101,1722,22,17,12,75,47,-523,11,9,002
1123010500,답십리동,30,89,74,1468,18,13,15,36,20,-777,7,5,002
1123010600,장안동,83,216,159,3031,33,30,68,163,105,786,22,22,004
1123010700,청량리동,8,33,30,774,12,14,-7,-20,-24,-1471,1,6,006
1123010800,회기동,11,24,57,516,10,7,-4,-29,3,-1729,-1,-1,003
1123010900,휘경동,29,62,58,828,15,14,14,9,4,-1417,4,6,001
1123011000,이문동,23,81,65,915,11,10,8,28,11,-1330,0,2,002
1126010100,면목동,85,236,233,3954,43,67,70,183,179,1709,32,59,004
1126010200,상봉동,35,63,82,1383,16,14,20,10,28,-862,5,6,003
1126010300,중화동,32,84,64,1410,15,31,17,31,10,-835,4,23,002
1126010400,묵동,32,98,87,1317,14,22,17,45,33,-928,3,14,002
1126010500,망우동,31,109,106,1881,25,37,16,56,52,-364,14,29,002
1126010600,신내동,23,173,79,1161,17,14,8,120,25,-1084,6,6,002
1129010100,성북동,9,14,53,346,4,6,-6,-39,-1,-1899,-7,-2,NULL
1129010200,성북동1가,5,4,12,93,2,0,-10,-49,-42,-2152,-9,-8,NULL
1129010300,돈암동,9,98,23,485,3,9,-6,45,-31,-1760,-8,1,002
1129010400,동소문동1가,5,9,8,86,2,1,-10,-44,-46,-2159,-9,-7,NULL
1129010500,동소문동2가,1,5,10,91,2,1,-14,-48,-44,-2154,-9,-7,NULL
1129010600,동소문동3가,2,11,4,45,2,1,-13,-42,-50,-2200,-9,-7,NULL
1129010700,동소문동4가,3,22,6,113,2,2,-12,-31,-48,-2132,-9,-6,NULL
1129010800,동소문동5가,4,8,7,201,3,2,-11,-45,-47,-2044,-8,-6,NULL
1129010900,동소문동6가,2,20,6,122,6,1,-13,-33,-48,-2123,-5,-7,NULL
1129011000,동소문동7가,1,13,5,58,0,0,-14,-40,-49,-2187,-11,-8,NULL
1129011100,삼선동1가,3,5,7,107,1,1,-12,-48,-47,-2138,-10,-7,NULL
1129011200,삼선동2가,4,10,6,156,1,5,-11,-43,-48,-2089,-10,-3,NULL
1129011300,삼선동3가,1,11,4,55,1,1,-14,-42,-50,-2190,-10,-7,NULL
1129011400,삼선동4가,2,8,13,116,1,1,-13,-45,-41,-2129,-10,-7,NULL
1129011500,삼선동5가,6,7,16,154,2,3,-9,-46,-38,-2091,-9,-5,NULL
1129011600,동선동1가,4,10,25,309,3,1,-11,-43,-29,-1936,-8,-7,NULL
1129011700,동선동2가,5,3,25,151,0,0,-10,-50,-29,-2094,-11,-8,NULL
1129011800,동선동3가,5,4,13,112,2,0,-10,-49,-41,-2133,-9,-8,NULL
1129011900,동선동4가,7,5,18,150,0,1,-8,-48,-36,-2095,-11,-7,NULL
1129012000,동선동5가,2,17,4,107,1,0,-13,-36,-50,-2138,-10,-8,NULL
1129012100,안암동1가,3,6,8,86,1,1,-12,-47,-46,-2159,-10,-7,NULL
1129012200,안암동2가,3,12,9,97,4,1,-12,-41,-45,-2148,-7,-7,NULL
1129012300,안암동3가,4,2,6,52,0,1,-11,-51,-48,-2193,-11,-7,NULL
1129012400,안암동4가,2,1,6,39,1,0,-13,-52,-48,-2206,-10,-8,NULL
1129012500,안암동5가,27,18,83,595,7,6,12,-35,29,-1650,-4,-2,003
1129012600,보문동4가,0,0,9,53,2,1,-15,-53,-45,-2192,-9,-7,NULL
1129012700,보문동5가,1,4,7,74,0,1,-14,-49,-47,-2171,-11,-7,NULL
1129012800,보문동6가,2,5,4,56,2,0,-13,-48,-50,-2189,-9,-8,NULL
1129012900,보문동7가,1,4,2,82,0,2,-14,-49,-52,-2163,-11,-6,NULL
1129013000,보문동1가,7,3,7,67,3,1,-8,-50,-47,-2178,-8,-7,NULL
1129013100,보문동2가,3,3,6,79,0,1,-12,-50,-48,-2166,-11,-7,NULL
1129013200,보문동3가,1,3,0,12,0,0,-14,-50,-54,-2233,-11,-8,NULL
1129013300,정릉동,55,170,112,1906,24,33,40,117,58,-339,13,25,002
1129013400,길음동,24,180,78,1291,16,15,9,127,24,-954,5,7,002
1129013500,종암동,24,108,54,953,16,14,9,55,0,-1292,5,6,002
1129013600,하월곡동,21,92,94,1055,13,17,6,39,40,-1190,2,9,003
1129013700,상월곡동,7,10,20,201,1,4,-8,-43,-34,-2044,-10,-4,NULL
1129013800,장위동,30,81,51,1129,10,12,15,28,-3,-1116,-1,4,002
1129013900,석관동,19,61,51,988,16,8,4,8,-3,-1257,5,0,002
1130510100,미아동,80,249,199,3689,45,47,65,196,145,1444,34,39,004
1130510200,번동,34,80,70,1230,24,27,19,27,16,-1015,13,19,002
1130510300,수유동,65,173,190,3575,38,41,50,120,136,1330,27,33,004
1130510400,우이동,9,21,25,383,1,8,-6,-32,-29,-1862,-10,0,NULL
1132010500,쌍문동,44,245,120,2064,35,30,29,192,66,-181,24,22,002
1132010600,방학동,40,156,118,2021,35,19,25,103,64,-224,24,11,002
1132010700,창동,75,281,178,2760,47,45,60,228,124,515,36,37,004
1132010800,도봉동,35,51,76,1109,13,15,20,-2,22,-1136,2,7,003
1135010200,월계동,46,159,97,1586,28,39,31,106,43,-659,17,31,002
1135010300,공릉동,59,180,178,2156,38,33,44,127,124,-89,27,25,002
1135010400,하계동,13,75,36,583,11,12,-2,22,-18,-1662,0,4,002
1135010500,상계동,108,539,328,5223,80,53,93,486,274,2978,69,45,004
1135010600,중계동,43,469,147,2356,48,26,28,416,93,111,37,18,002
1138010100,수색동,3,15,15,269,3,3,-12,-38,-39,-1976,-8,-5,NULL
1138010200,녹번동,22,58,53,809,5,14,7,5,-1,-1436,-6,6,001
1138010300,불광동,36,126,68,1437,21,16,21,73,14,-808,10,8,002
1138010400,갈현동,44,140,114,1848,21,21,29,87,60,-397,10,13,002
1138010500,구산동,12,56,37,498,7,10,-3,3,-17,-1747,-4,2,002
1138010600,대조동,26,57,67,1158,19,12,11,4,13,-1087,8,4,003
1138010700,응암동,35,155,154,2243,32,19,20,102,100,-2,21,11,002
1138010800,역촌동,31,78,85,1146,19,14,16,25,31,-1099,8,6,003
1138010900,신사동,24,94,67,904,6,14,9,41,13,-1341,-5,6,002
1138011000,증산동,13,57,32,437,7,4,-2,4,-22,-1808,-4,-4,002
1138011400,진관동,32,206,122,1345,16,18,17,153,68,-900,5,10,002
1141010100,충정로2가,5,2,11,134,6,0,-10,-51,-43,-2111,-5,-8,NULL
1141010200,충정로3가,9,13,27,343,6,4,-6,-40,-27,-1902,-5,-4,NULL
1141010300,합동,1,2,5,66,1,0,-14,-51,-49,-2179,-10,-8,NULL
1141010400,미근동,2,1,12,88,1,0,-13,-52,-42,-2157,-10,-8,NULL
1141010500,냉천동,1,8,9,108,1,0,-14,-45,-45,-2137,-10,-8,NULL
1141010600,천연동,2,11,2,57,0,1,-13,-42,-52,-2188,-11,-7,NULL
1141010700,옥천동,0,1,1,44,0,3,-15,-52,-53,-2201,-11,-5,NULL
1141010800,영천동,2,9,12,167,4,3,-13,-44,-42,-2078,-7,-5,NULL
1141010900,현저동,3,14,3,60,1,2,-12,-39,-51,-2185,-10,-6,NULL
1141011000,북아현동,13,54,40,665,9,8,-2,1,-14,-1580,-2,0,002
1141011100,홍제동,25,115,73,1235,25,13,10,62,19,-1010,14,5,002
1141011200,대현동,15,34,114,800,8,1,0,-19,60,-1445,-3,-7,003
1141011300,대신동,3,10,18,107,1,3,-12,-43,-36,-2138,-10,-5,NULL
1141011400,신촌동,6,3,36,120,0,0,-9,-50,-18,-2125,-11,-8,NULL
1141011500,봉원동,0,0,0,8,0,0,-15,-53,-54,-2237,-11,-8,NULL
1141011600,창천동,26,65,139,1351,13,15,11,12,85,-894,2,7,003
1141011700,연희동,33,85,148,1137,18,13,18,32,94,-1108,7,5,003
1141011800,홍은동,31,96,73,1094,13,20,16,43,19,-1151,2,12,002
1141011900,북가좌동,29,89,63,936,13,13,14,36,9,-1309,2,5,002
1141012000,남가좌동,20,62,82,924,12,15,5,9,28,-1321,1,7,003
1144010100,아현동,13,36,37,501,8,6,-2,-17,-17,-1744,-3,-2,NULL
1144010200,공덕동,21,35,63,729,11,7,6,-18,9,-1516,0,-1,003
1144010300,신공덕동,4,26,19,206,1,3,-11,-27,-35,-2039,-10,-5,NULL
1144010400,도화동,8,47,78,896,11,7,-7,-6,24,-1349,0,-1,003
1144010500,용강동,5,17,14,281,9,2,-10,-36,-40,-1964,-2,-6,NULL
1144010600,토정동,1,3,0,16,0,1,-14,-50,-54,-2229,-11,-7,NULL
1144010700,마포동,4,4,7,203,1,2,-11,-49,-47,-2042,-10,-6,NULL
1144010800,대흥동,14,54,35,507,7,4,-1,1,-19,-1738,-4,-4,002
1144010900,염리동,10,51,43,420,3,5,-5,-2,-11,-1825,-8,-3,NULL
1144011000,노고산동,13,41,43,512,10,7,-2,-12,-11,-1733,-1,-1,NULL
1144011100,신수동,12,28,51,489,5,5,-3,-25,-3,-1756,-6,-3,NULL
1144011200,현석동,3,6,5,51,1,1,-12,-47,-49,-2194,-10,-7,NULL
1144011300,구수동,1,12,4,95,4,1,-14,-41,-50,-2150,-7,-7,NULL
1144011400,창전동,6,57,27,413,9,3,-9,4,-27,-1832,-2,-5,002
1144011500,상수동,14,21,78,608,4,3,-1,-32,24,-1637,-7,-5,003
1144011600,하중동,0,1,0,13,1,0,-15,-52,-54,-2232,-10,-8,NULL
1144011700,신정동,0,2,1,17,2,0,-15,-51,-53,-2228,-9,-8,NULL
1144011800,당인동,1,1,3,27,1,0,-14,-52,-51,-2218,-10,-8,NULL
1144012000,서교동,44,140,398,3210,33,11,29,87,344,965,22,3,004
1144012100,동교동,14,52,148,1149,11,2,-1,-1,94,-1096,0,-6,003
1144012200,합정동,18,39,134,1089,11,8,3,-14,80,-1156,0,0,003
1144012300,망원동,22,94,196,1448,17,14,7,41,142,-797,6,6,003
1144012400,연남동,20,24,239,1281,6,5,5,-29,185,-964,-5,-3,003
1144012500,성산동,42,113,105,1317,16,14,27,60,51,-928,5,6,002
1144012600,중동,5,27,9,153,2,2,-10,-26,-45,-2092,-9,-6,NULL
1144012700,상암동,36,77,150,1109,17,5,21,24,96,-1136,6,-3,003
1147010100,신정동,71,603,303,4175,74,50,56,550,249,1930,63,42,004
1147010200,목동,87,685,329,4675,89,39,72,632,275,2430,78,31,004
1147010300,신월동,75,259,157,3110,26,48,60,206,103,865,15,40,004
1150010100,염창동,29,134,70,830,24,8,14,81,16,-1415,13,0,002
1150010200,등촌동,58,168,174,2217,50,31,43,115,120,-28,39,23,003
1150010300,화곡동,142,412,344,5844,79,67,127,359,290,3599,68,59,004
1150010400,가양동,26,68,67,859,26,11,11,15,13,-1386,15,3,002
1150010500,마곡동,81,153,376,3503,80,20,66,100,322,1258,69,12,004
1150010600,내발산동,21,183,99,1108,23,8,6,130,45,-1137,12,0,002
1150010700,외발산동,4,2,4,119,0,6,-11,-51,-50,-2126,-11,-2,NULL
1150010800,공항동,19,18,54,651,8,5,4,-35,0,-1594,-3,-3,001
1150010900,방화동,39,118,159,1951,18,14,24,65,105,-294,7,6,003
1150011000,개화동,4,2,4,60,1,1,-11,-51,-50,-2185,-10,-7,NULL
1150011100,과해동,2,0,1,4,0,0,-13,-53,-53,-2241,-11,-8,NULL
1150011200,오곡동,0,0,0,12,0,0,-15,-53,-54,-2233,-11,-8,NULL
1150011300,오쇠동,0,0,2,24,0,0,-15,-53,-52,-2221,-11,-8,NULL
1153010100,신도림동,26,122,68,1082,21,10,11,69,14,-1163,10,2,002
1153010200,구로동,111,310,328,6053,80,86,96,257,274,3808,69,78,004
1153010300,가리봉동,6,22,12,482,0,12,-9,-31,-42,-1763,-11,4,006
1153010600,고척동,36,142,84,1476,19,19,21,89,30,-769,8,11,002
1153010700,개봉동,43,164,123,1870,22,32,28,111,69,-375,11,24,002
1153010800,오류동,33,114,62,1180,20,23,18,61,8,-1065,9,15,002
1153010900,궁동,10,27,15,268,4,5,-5,-26,-39,-1977,-7,-3,NULL
1153011000,온수동,14,20,19,272,1,3,-1,-33,-35,-1973,-10,-5,NULL
1153011100,천왕동,3,15,7,107,5,1,-12,-38,-47,-2138,-6,-7,NULL
1153011200,항동,11,34,13,218,5,5,-4,-19,-41,-2027,-6,-3,NULL
1154510100,가산동,77,63,255,3137,33,24,62,10,201,892,22,16,004
1154510200,독산동,72,193,167,3242,49,50,57,140,113,997,38,42,004
1154510300,시흥동,61,282,157,3336,42,65,46,229,103,1091,31,57,004
1156010100,영등포동,9,22,31,608,5,5,-6,-31,-23,-1637,-6,-3,NULL
1156010200,영등포동1가,3,6,8,84,2,0,-12,-47,-46,-2161,-9,-8,NULL
1156010300,영등포동2가,5,3,21,308,3,3,-10,-50,-33,-1937,-8,-5,NULL
1156010400,영등포동3가,15,12,21,525,0,3,0,-41,-33,-1720,-11,-5,NULL
1156010500,영등포동4가,8,12,44,508,2,3,-7,-41,-10,-1737,-9,-5,NULL
1156010600,영등포동5가,2,5,10,377,1,7,-13,-48,-44,-1868,-10,-1,NULL
1156010700,영등포동6가,3,15,9,174,1,4,-12,-38,-45,-2071,-10,-4,NULL
1156010800,영등포동7가,9,14,28,358,5,3,-6,-39,-26,-1887,-6,-5,NULL
1156010900,영등포동8가,3,16,12,199,6,1,-12,-37,-42,-2046,-5,-7,NULL
1156011000,여의도동,65,90,271,2698,59,21,50,37,217,453,48,13,004
1156011100,당산동1가,5,13,20,367,3,3,-10,-40,-34,-1878,-8,-5,NULL
1156011200,당산동2가,4,10,11,231,2,6,-11,-43,-43,-2014,-9,-2,NULL
1156011300,당산동3가,15,25,58,647,3,4,0,-28,4,-1598,-8,-4,003
1156011400,당산동4가,5,25,34,297,6,2,-10,-28,-20,-1948,-5,-6,NULL
1156011500,당산동5가,8,28,13,276,8,3,-7,-25,-41,-1969,-3,-5,NULL
1156011600,당산동6가,8,11,20,228,9,1,-7,-42,-34,-2017,-2,-7,NULL
1156011700,당산동,13,8,8,116,4,4,-2,-45,-46,-2129,-7,-4,NULL
1156011800,도림동,12,40,21,427,5,7,-3,-13,-33,-1818,-6,-1,NULL
1156011900,문래동1가,2,6,5,86,0,0,-13,-47,-49,-2159,-11,-8,NULL
1156012000,문래동2가,1,5,17,165,1,4,-14,-48,-37,-2080,-10,-4,NULL
1156012100,문래동3가,10,33,53,654,14,6,-5,-20,-1,-1591,3,-2,005
1156012200,문래동4가,3,8,6,161,1,3,-12,-45,-48,-2084,-10,-5,NULL
1156012300,문래동5가,3,6,6,88,3,0,-12,-47,-48,-2157,-8,-8,NULL
1156012400,문래동6가,3,18,14,188,4,1,-12,-35,-40,-2057,-7,-7,NULL
1156012500,양평동1가,4,9,21,264,5,1,-11,-44,-33,-1981,-6,-7,NULL
1156012600,양평동2가,9,6,19,213,3,2,-6,-47,-35,-2032,-8,-6,NULL
1156012700,양평동3가,13,27,25,322,7,0,-2,-26,-29,-1923,-4,-8,NULL
1156012800,양평동4가,10,19,45,476,6,4,-5,-34,-9,-1769,-5,-4,NULL
1156012900,양평동5가,5,15,29,232,2,4,-10,-38,-25,-2013,-9,-4,NULL
1156013000,양평동6가,4,2,6,91,1,0,-11,-51,-48,-2154,-10,-8,NULL
1156013100,양화동,1,0,1,8,0,0,-14,-53,-53,-2237,-11,-8,NULL
1156013200,신길동,56,168,121,2126,28,43,41,115,67,-119,17,35,002
1156013300,대림동,49,79,101,1484,21,17,34,26,47,-761,10,9,003
1156013400,양평동,0,0,0,1,0,0,-15,-53,-54,-2244,-11,-8,NULL
1159010100,노량진동,31,154,103,1083,15,20,16,101,49,-1162,4,12,002
1159010200,상도동,69,256,181,2436,27,29,54,203,127,191,16,21,002
1159010300,상도1동,18,26,33,328,4,2,3,-27,-21,-1917,-7,-6,001
1159010400,본동,7,20,9,186,3,3,-8,-33,-45,-2059,-8,-5,NULL
1159010500,흑석동,22,48,54,773,16,9,7,-5,0,-1472,5,1,001
1159010600,동작동,4,8,8,88,2,3,-11,-45,-46,-2157,-9,-5,NULL
1159010700,사당동,60,185,198,2639,28,25,45,132,144,394,17,17,004
1159010800,대방동,24,136,52,905,21,17,9,83,-2,-1340,10,9,002
1159010900,신대방동,31,106,109,1135,20,18,16,53,55,-1110,9,10,003
1162010100,봉천동,132,466,414,5726,99,70,117,413,360,3481,88,62,004
1162010200,신림동,171,434,399,6408,100,72,156,381,345,4163,89,64,004
1162010300,남현동,14,39,36,472,4,12,-1,-14,-18,-1773,-7,4,006
1165010100,방배동,74,453,329,4409,99,24,59,400,275,2164,88,16,004
1165010200,양재동,43,126,216,2588,45,17,28,73,162,343,34,9,004
1165010300,우면동,13,65,57,535,10,9,-2,12,3,-1710,-1,1,002
1165010400,원지동,1,0,18,107,0,0,-14,-53,-36,-2138,-11,-8,NULL
1165010600,잠원동,25,202,92,1800,26,10,10,149,38,-445,15,2,002
1165010700,반포동,57,306,221,3767,70,18,42,253,167,1522,59,10,004
1165010800,서초동,103,447,478,6481,160,31,88,394,424,4236,149,23,004
1165010900,내곡동,1,8,11,176,3,2,-14,-45,-43,-2069,-8,-6,NULL
1165011000,염곡동,3,1,5,63,1,0,-12,-52,-49,-2182,-10,-8,NULL
1165011100,신원동,0,7,13,143,1,1,-15,-46,-41,-2102,-10,-7,NULL
1168010100,역삼동,141,401,624,7765,164,41,126,348,570,5520,153,33,004
1168010300,개포동,29,197,90,1472,32,19,14,144,36,-773,21,11,002
1168010400,청담동,38,150,168,2606,64,10,23,97,114,361,53,2,004
1168010500,삼성동,48,123,306,3325,63,14,33,70,252,1080,52,6,004
1168010600,대치동,81,770,321,4520,95,29,66,717,267,2275,84,21,004
1168010700,신사동,40,241,372,4006,75,14,25,188,318,1761,64,6,004
1168010800,논현동,89,149,365,4908,98,32,74,96,311,2663,87,24,004
1168011000,압구정동,7,28,56,666,4,4,-8,-25,2,-1579,-7,-4,003
1168011100,세곡동,9,38,30,334,5,7,-6,-15,-24,-1911,-6,-1,NULL
1168011200,자곡동,17,30,22,316,3,4,2,-23,-32,-1929,-8,-4,001
1168011300,율현동,1,5,7,124,2,0,-14,-48,-47,-2121,-9,-8,NULL
1168011400,일원동,19,76,52,772,22,15,4,23,-2,-1473,11,7,002
1168011500,수서동,12,50,62,794,12,6,-3,-3,8,-1451,1,-2,003
1168011800,도곡동,32,186,130,1846,49,16,17,133,76,-399,38,8,002
1171010100,잠실동,52,255,214,3026,62,25,37,202,160,781,51,17,004
1171010200,신천동,30,70,126,1312,17,12,15,17,72,-933,6,4,003
1171010300,풍납동,16,81,46,815,10,19,1,28,-8,-1430,-1,11,002
1171010400,송파동,23,145,137,1654,33,12,8,92,83,-591,22,4,002
1171010500,석촌동,36,95,102,1460,31,7,21,42,48,-785,20,-1,003
1171010600,삼전동,20,107,73,1045,28,10,5,54,19,-1200,17,2,002
1171010700,가락동,47,179,173,2693,35,51,32,126,119,448,24,43,004
1171010800,문정동,51,165,256,3514,61,17,36,112,202,1269,50,9,004
1171010900,장지동,12,85,54,616,10,10,-3,32,0,-1629,-1,2,002
1171011100,방이동,45,197,146,2186,60,11,30,144,92,-59,49,3,002
1171011200,오금동,23,118,77,947,23,16,8,65,23,-1298,12,8,002
1171011300,거여동,21,97,49,855,24,8,6,44,-5,-1390,13,0,002
1171011400,마천동,19,65,41,927,5,20,4,12,-13,-1318,-6,12,002
1174010100,명일동,19,237,127,1556,38,16,4,184,73,-689,27,8,002
1174010200,고덕동,16,103,69,903,9,7,1,50,15,-1342,-2,-1,002
1174010300,상일동,16,95,68,652,11,9,1,42,14,-1593,0,1,002
1174010500,길동,35,142,106,1858,31,12,20,89,52,-387,20,4,002
1174010600,둔촌동,22,86,49,850,22,3,7,33,-5,-1395,11,-5,002
1174010700,암사동,41,179,132,1838,28,24,26,126,78,-407,17,16,002
1174010800,성내동,45,200,224,2924,54,22,30,147,170,679,43,14,004
1174010900,천호동,61,165,174,3046,37,41,46,112,120,801,26,33,004
1174011000,강일동,15,72,13,377,9,7,0,19,-41,-1868,-2,-1,002
